IsActiveMember,Total_customers,Total_churned,Churn_rate
0,4849,1302,0.26850897092183956
1,5151,735,0.14269073966220153
