Age_band,Total_customers,Total_churned,Churn_rate
<25,611,46,0.07528641571194762
25-34,3542,301,0.08498023715415019
35-44,3736,733,0.19619914346895076
45-54,1311,663,0.505720823798627
55+,800,294,0.3675
