NumOfProducts,Total_customers,Total_churned,Churn_rate
1,5084,1409,0.27714398111723054
2,4590,348,0.07581699346405228
3,266,220,0.8270676691729323
4,60,60,1.0
