Geography,Total_customers,Totle_churned,Churn_rate
France,5014,810,0.16154766653370561
Germany,2509,814,0.32443204463929853
Spain,2477,413,0.1667339523617279
