Tenure_band,Total_customers,Total_churned,Churn_rate
0-2,2496,528,0.21153846153846154
3-5,3010,625,0.20764119601328904
6-8,3020,570,0.18874172185430463
9-10,1474,314,0.2130257801899593
