Feature,Importance
Age,0.23684575288936183
EstimatedSalary,0.1476927253920927
Balance,0.1426031174649198
CreditScore,0.14251588703625906
NumOfProducts,0.12942890420054198
Tenure,0.08157627697838567
IsActiveMember,0.03972065232616175
Geography_Germany,0.028622860930073702
HasCrCard,0.019007873837452848
Gender_Male,0.01839396658215204
Geography_Spain,0.013591982362598563
