Feature,Coefficient
NumOfProducts,2.3198108652166898
Age,0.7197993113622714
Geography_Germany,0.44671487358631595
Balance,0.08181529550578209
EstimatedSalary,0.04418930964804361
Geography_Spain,0.03786579246868335
Customer_index,-0.016775904086619806
Tenure,-0.02265626930578793
HasCrCard,-0.049137379577516856
CreditScore,-0.08024791800731333
Balance_flag,-0.15643510069885172
Gender_Male,-0.24549103274539727
IsActiveMember,-0.527420356788248
Multi_product_flag,-2.7808341859388817
