Feature,Coefficient
Age,0.7388467090007921
Geography_Germany,0.35667925506878495
Balance,0.16062215645438002
EstimatedSalary,0.04772528431772232
Geography_Spain,0.018907129561022456
Tenure,-0.020071211833606998
HasCrCard,-0.0322075814809774
NumOfProducts,-0.07029166180296702
CreditScore,-0.08598645820445447
Gender_Male,-0.26085101749691963
IsActiveMember,-0.5154850613592583
