Feature,Importance
Age,0.21534596347907356
EstimatedSalary,0.11799278120547153
Customer_index,0.11615601545135125
CreditScore,0.11547999851932843
Balance,0.11055323471440152
NumOfProducts,0.09699424888610648
Tenure,0.07041077804262734
IsActiveMember,0.03849266600905226
Multi_product_flag,0.03157311808560743
Geography_Germany,0.028183898661154963
Gender_Male,0.017392079606347043
HasCrCard,0.01651421088976676
Balance_flag,0.01252788815413531
Geography_Spain,0.012383118295576081
